num_points,area,perimeter,aspect_ratio,compactness,bounding_box_area,centroid_x,centroid_y,acute_angle_count,obtuse_angle_count,shape_type
1.0,0.0143788185214456,0.0578879275157394,0.1169257224254804,1.0,0.0158204233142681,0.0044476791201682,1.0870413279266904e-16,0.0,1.0,circle
1.0,0.0695702213032313,0.2015999385726607,0.1169257224254803,0.999999999999998,0.0709311011763097,0.0084505903283196,7.984500134524807e-17,0.0,1.0,circle
1.0,0.0778172125234981,0.2175679398012071,0.1169257224254804,1.0,0.079166030052247,0.0088953582403364,1.1048066287561924e-16,0.0,1.0,circle
1.0,0.0864871263704452,0.233535941029754,0.1169257224254804,0.9999999999999982,0.0878232629731041,0.0093401261523532,1.2025990103387984e-16,0.0,1.0,circle
1.0,0.0955799628440727,0.249503942258301,0.1169257224254804,0.9999999999999972,0.0969027999388811,0.0097848940643701,1.0053493051939856e-16,0.0,1.0,circle
1.0,0.1050957219443805,0.2654719434868475,0.1169257224254803,0.9999999999999988,0.1064046409495779,0.0102296619763869,1.1794456747233378e-16,0.0,1.0,circle
1.0,0.1150344036713689,0.2814399447153943,0.1169257224254804,0.9999999999999992,0.1163287860051946,0.0106744298884037,9.593047731945011e-17,0.0,1.0,circle
1.0,0.1253960080250374,0.2974079459439415,0.1169257224254804,0.9999999999999968,0.1266752351057311,0.0111191978004205,8.765110499698076e-17,0.0,1.0,circle
1.0,0.1361805350053863,0.3133759471724878,0.1169257224254804,0.9999999999999988,0.1374439882511876,0.0115639657124373,1.0124554255257866e-16,0.0,1.0,circle
1.0,0.1473879846124156,0.3293439484010347,0.1169257224254804,0.9999999999999988,0.1486350454415638,0.0120087336244541,8.279230517054315e-17,0.0,1.0,circle
1.0,0.1590183568461252,0.3453119496295815,0.1169257224254804,0.9999999999999988,0.1602484066768599,0.012453501536471,1.1164754031549027e-16,0.0,1.0,circle
1.0,0.0188195061015893,0.0738559287442864,0.1169257224254804,0.9999999999999972,0.0202546157859266,0.004892447032185,1.037312666145587e-16,0.0,1.0,circle
1.0,0.1710716517065151,0.3612799508581283,0.1169257224254803,0.9999999999999982,0.1722840719570759,0.0128982694484878,1.013333949811077e-16,0.0,1.0,circle
1.0,0.1835478691935854,0.3772479520866749,0.1169257224254804,0.9999999999999988,0.1847420412822118,0.0133430373605046,1.5155374675114374e-16,0.0,1.0,circle
1.0,0.1964470093073363,0.3932159533152221,0.1169257224254804,0.999999999999998,0.1976223146522675,0.0137878052725214,9.138766262488702e-17,0.0,1.0,circle
1.0,0.209769072047767,0.4091839545437687,0.1169257224254804,0.9999999999999976,0.2109248920672431,0.0142325731845382,1.4364278740683626e-16,0.0,1.0,circle
1.0,0.2235140574148784,0.4251519557723153,0.1169257224254803,0.9999999999999988,0.2246497735271385,0.014677341096555,5.3463801354859413e-17,0.0,1.0,circle
1.0,0.2376819654086704,0.4411199570008625,0.1169257224254804,0.999999999999998,0.2387969590319537,0.0151221090085719,1.3064489553274574e-16,0.0,1.0,circle
1.0,0.2522727960291421,0.4570879582294093,0.1169257224254804,0.9999999999999968,0.2533664485816889,0.0155668769205887,8.726568875477316e-17,0.0,1.0,circle
1.0,0.2672865492762946,0.4730559594579555,0.1169257224254804,0.9999999999999992,0.2683582421763439,0.0160116448326055,1.0645575209313244e-16,0.0,1.0,circle
1.0,0.2827232251501276,0.4890239606865023,0.1169257224254804,0.9999999999999998,0.2837723398159187,0.0164564127446224,1.0275461904746787e-16,0.0,1.0,circle
1.0,0.2985828236506407,0.5049919619150497,0.1169257224254803,0.999999999999998,0.2996087415004134,0.0169011806566391,5.2762399980777314e-17,0.0,1.0,circle
1.0,0.0236831163084133,0.089823929972833,0.1169257224254804,0.9999999999999992,0.025111112302505,0.0053372149442019,1.0142904001458448e-16,0.0,1.0,circle
1.0,0.3148653447778342,0.520959963143596,0.1169257224254804,0.9999999999999996,0.3158674472298281,0.017345948568656,8.263502163168104e-17,0.0,1.0,circle
1.0,0.3315707885317079,0.5369279643721425,0.1169257224254804,1.0,0.3325484570041626,0.0177907164806728,1.1403372304151968e-16,0.0,1.0,circle
1.0,0.3486991549122621,0.5528959656006901,0.1169257224254804,0.9999999999999976,0.3496517708234168,0.0182354843926896,1.2661077409116095e-16,0.0,1.0,circle
1.0,0.3662504439194964,0.5688639668292365,0.1169257224254804,0.9999999999999982,0.3671773886875908,0.0186802523047064,1.3359219935804084e-16,0.0,1.0,circle
1.0,0.3842246555534116,0.584831968057783,0.1169257224254804,0.9999999999999998,0.3851253105966849,0.0191250202167233,4.341321330606398e-17,0.0,1.0,circle
1.0,0.4026217898140065,0.6007999692863304,0.1169257224254804,0.9999999999999972,0.4034955365506989,0.0195697881287401,9.414225832907832e-17,0.0,1.0,circle
1.0,0.4214418467012819,0.6167679705148769,0.1169257224254804,0.9999999999999976,0.4222880665496326,0.0200145560407569,9.756283082511004e-17,0.0,1.0,circle
1.0,0.4406848262152378,0.6327359717434233,0.1169257224254803,0.9999999999999988,0.4415029005934862,0.0204593239527737,1.289615322349487e-16,0.0,1.0,circle
1.0,0.4603507283558745,0.6487039729719705,0.1169257224254804,0.9999999999999988,0.4611400386822596,0.0209040918647905,1.6442977966861381e-16,0.0,1.0,circle
1.0,0.4804395531231911,0.664671974200517,0.1169257224254804,0.9999999999999992,0.4811994808159529,0.0213488597768074,8.49333519291814e-17,0.0,1.0,circle
1.0,0.0289696491419176,0.1057919312013798,0.1169257224254804,0.9999999999999988,0.0303899128640032,0.0057819828562187,1.0408657263114874e-16,0.0,1.0,circle
1.0,0.5009513005171883,0.6806399754290641,0.1169257224254804,0.9999999999999988,0.501681226994566,0.0217936276888242,1.753404706845037e-16,0.0,1.0,circle
1.0,0.5218859705378651,0.6966079766576112,0.1169257224254804,0.9999999999999968,0.5225852772180991,0.022238395600841,6.837460728424272e-17,0.0,1.0,circle
1.0,0.5432435631852226,0.7125759778861578,0.1169257224254804,0.9999999999999972,0.5439116314865521,0.0226831635128578,1.6997297760508782e-16,0.0,1.0,circle
1.0,0.5650240784592607,0.728543979114704,0.1169257224254804,0.9999999999999988,0.5656602897999249,0.0231279314248746,9.556348239543848e-17,0.0,1.0,circle
1.0,0.5872275163599795,0.7445119803432506,0.1169257224254804,1.0,0.5878312521582173,0.0235726993368915,2.3188760197702375e-17,0.0,1.0,circle
1.0,0.6098538768873782,0.7604799815717977,0.1169257224254804,0.9999999999999988,0.6104245185614298,0.0240174672489083,5.86570076313675e-17,0.0,1.0,circle
1.0,0.6329031600414571,0.7764479828003451,0.1169257224254804,0.9999999999999976,0.6334400890095621,0.0244622351609251,1.2566423674968768e-16,0.0,1.0,circle
1.0,0.6563753658222167,0.7924159840288914,0.1169257224254804,0.9999999999999988,0.6568779635026143,0.0249070030729419,1.1636747792126172e-16,0.0,1.0,circle
1.0,0.6802704942296562,0.8083839852574385,0.1169257224254804,0.9999999999999976,0.6807381420405864,0.0253517709849588,6.230571283074469e-17,0.0,1.0,circle
1.0,0.7045885452637762,0.824351986485985,0.1169257224254803,0.9999999999999982,0.7050206246234783,0.0257965388969756,9.573918725249656e-17,0.0,1.0,circle
1.0,0.0346791046021024,0.1217599324299266,0.1169257224254804,0.9999999999999988,0.0360910174704213,0.0062267507682355,1.0928757151260455e-16,0.0,1.0,circle
1.0,0.729329518924577,0.8403199877145314,0.1169257224254804,0.9999999999999996,0.7297254112512901,0.0262413068089923,7.118163083472139e-17,0.0,1.0,circle
1.0,0.7544934152120575,0.8562879889430782,0.1169257224254804,0.9999999999999988,0.7548525019240216,0.0266860747210092,1.9617989079256864e-16,0.0,1.0,circle
1.0,0.7800802341262184,0.8722559901716251,0.1169257224254804,0.9999999999999984,0.780401896641673,0.027130842633026,6.479675124934885e-17,0.0,1.0,circle
1.0,0.8060899756670608,0.8882239914001725,0.1169257224254804,0.999999999999998,0.8063735954042445,0.0275756105450428,7.584772254005521e-17,0.0,1.0,circle
1.0,0.8325226398345817,0.9041919926287192,0.1169257224254804,0.9999999999999972,0.8327675982117356,0.0280203784570597,1.9779382298003264e-16,0.0,1.0,circle
1.0,0.8593782266287838,0.9201599938572658,0.1169257224254804,0.9999999999999976,0.8595839050641468,0.0284651463690765,1.8035797210395367e-16,0.0,1.0,circle
1.0,0.8866567360496674,0.936127995085812,0.1169257224254804,1.0,0.8868225159614778,0.0289099142810932,2.768694098950158e-16,0.0,1.0,circle
1.0,0.9143581680972296,0.9520959963143588,0.1169257224254803,0.9999999999999988,0.9144834309037284,0.0293546821931101,0.0,0.0,1.0,circle
1.0,0.9424825227714724,0.9680639975429056,0.1169257224254803,0.9999999999999992,0.942566649890899,0.0297994501051269,8.83723457434091e-17,0.0,1.0,circle
1.0,0.9710298000723973,0.9840319987714532,0.1169257224254804,0.999999999999998,0.9710721729229894,0.0302442180171437,1.5436218835577266e-16,0.0,1.0,circle
1.0,0.0408114826889674,0.1377279336584733,0.1169257224254804,0.9999999999999988,0.0422144261217593,0.0066715186802523,1.2924067473043127e-16,0.0,1.0,circle
1.0,1.0,1.0,0.1169257224254804,0.9999999999999968,1.0,0.0306889859291606,6.774405507464393e-17,0.0,1.0,circle
1.0,0.0473667834025128,0.1536959348870202,0.1169257224254804,0.9999999999999976,0.0487601388180171,0.0071162865922691,1.2528519505827756e-16,0.0,1.0,circle
1.0,0.0543450067427387,0.1696639361155671,0.1169257224254804,0.999999999999998,0.0557281555591948,0.0075610545042859,1.1878624912123229e-16,0.0,1.0,circle
1.0,0.0617461527096447,0.1856319373441136,0.1169257224254804,0.9999999999999992,0.0631184763452923,0.0080058224163028,1.0669167740142564e-16,0.0,1.0,circle
0.0606060606060606,0.0048756959441741,0.025448021192432,0.1106694281991602,0.8503715163524803,0.0078886820492102,4.977419091478139e-17,1.1425278555260646e-16,0.0,0.1388888888888889,pentagon
0.0606060606060606,0.0352639487992812,0.1399641165583763,0.1106694281991602,0.8503715163524801,0.0422975152094509,5.1196310655203706e-17,1.1425278555260646e-16,0.0,0.1388888888888889,pentagon
0.0606060606060606,0.0398047222144122,0.1526881271545923,0.1106694281991602,0.8503715163524803,0.0474390649920156,4.266359221266976e-17,1.2157796839549409e-16,0.0,0.1388888888888889,pentagon
0.0606060606060606,0.044578355804678,0.1654121377508084,0.1106694281991602,0.8503715163524801,0.052844283994199,4.266359221266976e-17,1.0692760270971884e-16,0.0,0.1388888888888889,pentagon
0.0606060606060606,0.0495848495700788,0.1781361483470245,0.1106694281991602,0.8503715163524801,0.058513172216001,5.688478961689302e-17,1.0692760270971884e-16,0.0,0.1388888888888889,pentagon
0.0606060606060606,0.0548242035106145,0.1908601589432405,0.1106694281991602,0.8503715163524803,0.0644457296574218,5.1196310655203706e-17,9.227723702394356e-17,0.0,0.1388888888888889,pentagon
0.0606060606060606,0.0602964176262851,0.2035841695394565,0.1106694281991602,0.8503715163524799,0.0706419563184613,5.404055013604837e-17,1.2157796839549409e-16,0.0,0.1388888888888889,pentagon
0.0606060606060606,0.0660014919170907,0.2163081801356725,0.1106694281991602,0.8503715163524803,0.0771018521991195,5.404055013604837e-17,1.0692760270971884e-16,0.0,0.1388888888888889,pentagon
0.0606060606060606,0.0719394263830312,0.2290321907318886,0.1106694281991602,0.8503715163524803,0.0838254172993964,4.835207117435906e-17,9.227723702394356e-17,0.0,0.1388888888888889,pentagon
0.0606060606060606,0.0781102210241066,0.2417562013281046,0.1106694281991602,0.8503715163524801,0.0908126516192921,4.835207117435906e-17,1.0692760270971884e-16,0.0,0.1388888888888889,pentagon
0.0606060606060606,0.0845138758403169,0.2544802119243207,0.1106694281991602,0.8503715163524801,0.0980635551588064,5.1196310655203706e-17,1.2157796839549409e-16,0.0,0.1388888888888889,pentagon
0.0606060606060606,0.0073207277830908,0.0381720317886481,0.1106694281991602,0.8503715163524801,0.0106572088552066,5.688478961689302e-17,1.0692760270971884e-16,0.0,0.1388888888888889,pentagon
0.0606060606060606,0.0911503908316621,0.2672042225205366,0.1106694281991602,0.8503715163524803,0.1055781279179394,2.844239480844651e-17,1.2157796839549409e-16,0.0,0.1388888888888889,pentagon
0.0606060606060606,0.0980197659981422,0.2799282331167527,0.1106694281991602,0.8503715163524801,0.1133563698966911,5.404055013604837e-17,1.2157796839549409e-16,0.0,0.1388888888888889,pentagon
0.0606060606060606,0.1051220013397573,0.2926522437129687,0.1106694281991602,0.8503715163524803,0.1213982810950615,5.688478961689302e-17,1.0692760270971884e-16,0.0,0.1388888888888889,pentagon
0.0606060606060606,0.1124570968565073,0.3053762543091848,0.1106694281991602,0.8503715163524801,0.1297038615130506,3.413087377013581e-17,1.2157796839549409e-16,0.0,0.1388888888888889,pentagon
0.0606060606060606,0.1200250525483922,0.3181002649054008,0.1106694281991602,0.8503715163524803,0.1382731111506585,6.25732685785823e-17,1.2157796839549409e-16,0.0,0.1388888888888889,pentagon
0.0606060606060606,0.127825868415412,0.3308242755016168,0.1106694281991602,0.8503715163524801,0.147106030007885,3.981935273182511e-17,1.3622833408126934e-16,0.0,0.1388888888888889,pentagon
0.0606060606060606,0.1358595444575668,0.3435482860978328,0.1106694281991602,0.8503715163524803,0.1562026180847302,5.1196310655203706e-17,1.2157796839549409e-16,0.0,0.1388888888888889,pentagon
0.0606060606060606,0.1441260806748565,0.3562722966940489,0.1106694281991602,0.8503715163524803,0.1655628753811941,3.981935273182511e-17,1.0692760270971884e-16,0.0,0.1388888888888889,pentagon
0.0606060606060606,0.1526254770672811,0.368996307290265,0.1106694281991602,0.8503715163524803,0.1751868018972767,4.5507831693514415e-17,1.2157796839549409e-16,0.0,0.1388888888888889,pentagon
0.0606060606060606,0.1613577336348406,0.381720317886481,0.1106694281991602,0.8503715163524801,0.1850743976329781,4.5507831693514415e-17,1.2157796839549409e-16,0.0,0.1388888888888889,pentagon
0.0606060606060606,0.0099986197971424,0.0508960423848641,0.1106694281991602,0.8503715163524799,0.0136894048808217,5.546266987647069e-17,1.1425278555260646e-16,0.0,0.1388888888888889,pentagon
0.0606060606060606,0.170322850377535,0.394444328482697,0.1106694281991602,0.8503715163524801,0.1952256625882981,4.5507831693514415e-17,1.0692760270971884e-16,0.0,0.1388888888888889,pentagon
0.0606060606060606,0.1795208272953644,0.407168339078913,0.1106694281991602,0.8503715163524803,0.2056405967632369,2.844239480844651e-17,1.3622833408126934e-16,0.0,0.1388888888888889,pentagon
0.0606060606060606,0.1889516643883286,0.419892349675129,0.1106694281991602,0.8503715163524803,0.2163192001577942,5.1196310655203706e-17,1.3622833408126934e-16,0.0,0.1388888888888889,pentagon
0.0606060606060606,0.1986153616564278,0.4326163602713451,0.1106694281991602,0.8503715163524801,0.2272614727719704,2.844239480844651e-17,1.0692760270971884e-16,0.0,0.1388888888888889,pentagon
0.0606060606060606,0.2085119190996619,0.4453403708675612,0.1106694281991602,0.8503715163524801,0.2384674146057652,5.1196310655203706e-17,1.0692760270971884e-16,0.0,0.1388888888888889,pentagon
0.0606060606060606,0.218641336718031,0.4580643814637772,0.1106694281991602,0.8503715163524801,0.2499370256591788,5.688478961689302e-17,1.0692760270971884e-16,0.0,0.1388888888888889,pentagon
0.0606060606060606,0.2290036145115349,0.4707883920599932,0.1106694281991602,0.8503715163524803,0.2616703059322111,3.981935273182511e-17,1.3622833408126934e-16,0.0,0.1388888888888889,pentagon
0.0606060606060606,0.2395987524801738,0.4835124026562093,0.1106694281991602,0.8503715163524803,0.273667255424862,4.5507831693514415e-17,7.762687133816831e-17,0.0,0.1388888888888889,pentagon
0.0606060606060606,0.2504267506239476,0.4962364132524253,0.1106694281991602,0.8503715163524803,0.2859278741371317,5.1196310655203706e-17,1.0692760270971884e-16,0.0,0.1388888888888889,pentagon
0.0606060606060606,0.2614876089428562,0.5089604238486414,0.1106694281991602,0.8503715163524799,0.29845216206902,5.1196310655203706e-17,1.3622833408126934e-16,0.0,0.1388888888888889,pentagon
0.0606060606060606,0.0129093719863289,0.0636200529810801,0.1106694281991602,0.8503715163524803,0.0169852701260555,5.2618430395626043e-17,9.96024198668312e-17,0.0,0.1388888888888889,pentagon
0.0606060606060606,0.2727813274368999,0.5216844344448573,0.1106694281991602,0.8503715163524801,0.3112401192205271,3.413087377013581e-17,7.762687133816831e-17,0.0,0.1388888888888889,pentagon
0.0606060606060606,0.2843079061060784,0.5344084450410733,0.1106694281991602,0.8503715163524803,0.3242917455916527,5.1196310655203706e-17,1.0692760270971884e-16,0.0,0.1388888888888889,pentagon
0.0606060606060606,0.2960673449503919,0.5471324556372894,0.1106694281991602,0.8503715163524801,0.3376070411823973,3.413087377013581e-17,1.0692760270971884e-16,0.0,0.1388888888888889,pentagon
0.0606060606060606,0.3080596439698403,0.5598564662335055,0.1106694281991602,0.8503715163524803,0.3511860059927604,3.981935273182511e-17,7.762687133816831e-17,0.0,0.1388888888888889,pentagon
0.0606060606060606,0.3202848031644236,0.5725804768297215,0.1106694281991602,0.8503715163524801,0.3650286400227422,3.981935273182511e-17,1.0692760270971884e-16,0.0,0.1388888888888889,pentagon
0.0606060606060606,0.3327428225341419,0.5853044874259375,0.1106694281991602,0.8503715163524801,0.3791349432723429,3.981935273182511e-17,1.0692760270971884e-16,0.0,0.1388888888888889,pentagon
0.0606060606060606,0.345433702078995,0.5980284980221535,0.1106694281991602,0.8503715163524801,0.3935049157415621,3.981935273182511e-17,1.3622833408126934e-16,0.0,0.1388888888888889,pentagon
0.0606060606060606,0.3583574417989831,0.6107525086183696,0.1106694281991602,0.8503715163524801,0.4081385574304001,4.5507831693514415e-17,1.3622833408126934e-16,0.0,0.1388888888888889,pentagon
0.0606060606060606,0.371514041694106,0.6234765192145857,0.1106694281991602,0.8503715163524799,0.4230358683388567,3.981935273182511e-17,1.6552906545281986e-16,0.0,0.1388888888888889,pentagon
0.0606060606060606,0.384903501764364,0.6362005298108017,0.1106694281991602,0.8503715163524803,0.4381968484669321,0.0,1.3622833408126934e-16,0.0,0.1388888888888889,pentagon
0.0606060606060606,0.0160529843506503,0.0763440635772962,0.1106694281991602,0.8503715163524801,0.0205448045909079,5.404055013604837e-17,1.1425278555260646e-16,0.0,0.1388888888888889,pentagon
0.0606060606060606,0.3985258220097568,0.6489245404070177,0.1106694281991602,0.8503715163524801,0.4536214978146263,5.1196310655203706e-17,1.3622833408126934e-16,0.0,0.1388888888888889,pentagon
0.0606060606060606,0.0194294568901066,0.0890680741735122,0.1106694281991602,0.8503715163524801,0.0243680082753791,5.546266987647069e-17,1.1425278555260646e-16,0.0,0.1388888888888889,pentagon
0.0606060606060606,0.0230387896046979,0.1017920847697282,0.1106694281991602,0.8503715163524801,0.028454881179469,4.5507831693514415e-17,1.1425278555260646e-16,0.0,0.1388888888888889,pentagon
0.0606060606060606,0.0268809824944241,0.1145160953659442,0.1106694281991602,0.8503715163524801,0.0328054233031776,4.835207117435906e-17,1.2157796839549409e-16,0.0,0.1388888888888889,pentagon
0.0606060606060606,0.0309560355592852,0.1272401059621603,0.1106694281991602,0.8503715163524803,0.0374196346465049,4.835207117435906e-17,1.0692760270971884e-16,0.0,0.1388888888888889,pentagon
0.0303030303030303,0.2729933988591481,0.5649460704719919,0.0752263755557676,0.7284026317196719,0.2135913821057792,0.4243085880640465,0.8041237113402061,0.0,0.0,rectangle
0.0303030303030303,0.0500781148130316,0.2748386288782662,0.5458822260003814,0.4179991830705838,0.0391813640947636,0.4803493449781659,0.1443298969072166,0.0,0.0,rectangle
0.0303030303030303,0.4122646965418766,0.702365384911125,0.0958110025556188,0.7537395361600556,0.3225579325206759,0.5764192139737991,0.8865979381443299,0.0,0.0,rectangle
0.0303030303030303,0.1885373349582515,0.4733331941792364,0.0553284987439766,0.6756191822494779,0.1475125410378534,0.3122270742358078,0.7628865979381443,0.0,0.0,rectangle
0.0303030303030303,0.2439616268932149,0.5802148831874511,0.0401237599103542,0.6058093566896561,0.1908767804886797,0.3122270742358078,0.979381443298969,0.0,0.0,rectangle
0.0303030303030303,0.1485425162359519,0.46824358994075,0.028001903912853,0.5228619507174685,0.1162203975513597,0.2161572052401746,0.8762886597938144,0.0,0.0,rectangle
0.0303030303030303,0.3725405703320799,0.6820069679571794,0.1966915695558189,0.7122375352724337,0.2914775801914512,0.7605531295487628,0.6082474226804123,0.0,0.0,rectangle
0.0303030303030303,0.1364290263014483,0.4835124026562093,0.5085930880271159,0.4414248165892094,0.1067427432635723,0.7365356622998545,0.2371134020618557,0.0,0.0,rectangle
0.0303030303030303,0.5473402602808106,0.8194262823963125,0.1128013137782707,0.7604590847646449,0.4282417199979033,0.7125181950509462,0.9484536082474226,0.0,0.0,rectangle
0.0303030303030303,0.1270901346200992,0.4529747772252908,0.4745464837906561,0.4644280899589607,0.099435948337792,0.6885007278020379,0.2371134020618557,0.0,0.0,rectangle
0.0303030303030303,0.0358667579066307,0.2697490246397799,0.8087706487119031,0.2932126569837828,0.0280623283381415,0.5043668122270742,0.1030927835051547,0.0,0.0,rectangle
0.0303030303030303,0.0549505800380833,0.2392113992088614,0.3162596395334307,0.5945479764847075,0.0429936049256055,0.3842794759825327,0.1958762886597939,0.0,0.0,rectangle
0.0303030303030303,0.1942218777208118,0.5242292365641006,0.3424869279643878,0.5702418145570223,0.1519601553405023,0.7205240174672489,0.3402061855670104,0.0,0.0,rectangle
0.0303030303030303,0.0468298046629971,0.2137633780164293,0.0399364221358473,0.6047368149197672,0.0366398702075357,0.1441048034934498,0.4536082474226804,0.0,0.0,rectangle
0.0303030303030303,0.1523998845391179,0.3918995263634538,0.1197761389517122,0.7606084675099711,0.1192384215424429,0.3922852983988354,0.4948453608247423,0.0,0.0,rectangle
0.0303030303030303,0.1840709085019541,0.529318840802587,0.0281979169034509,0.5244466710750648,0.144017986942915,0.2401746724890829,0.9690721649484536,0.0,0.0,rectangle
0.0303030303030303,0.0200312459252126,0.1272401059621603,0.3454531093940793,0.5675592995272571,0.0156725456379054,0.2641921397379912,0.1237113402061856,0.0,0.0,rectangle
0.0303030303030303,0.4043469405511675,0.6921861764341523,0.1073895850184631,0.7593907693025359,0.3163630411705579,0.6004366812227074,0.8350515463917525,0.0,0.0,rectangle
0.0303030303030303,0.2853099081780288,0.5853044874259375,0.1948623598866611,0.713937588368942,0.2232278797615183,0.6644832605531296,0.5360824742268041,0.0,0.0,rectangle
0.0303030303030303,0.5030143613584651,0.7837990527269076,0.1363922478865585,0.7564844954528576,0.3935609179951058,0.7445414847161572,0.8350515463917525,0.0,0.0,rectangle
0.0303030303030303,0.1002239027541889,0.3155554627861576,0.0658759695406011,0.7079434711330344,0.0784156759788445,0.2481804949053857,0.5257731958762887,0.0,0.0,rectangle
0.0303030303030303,0.0411452619004368,0.259569816162807,0.6282290723580094,0.3720646129184562,0.0321922559048868,0.4723435225618631,0.1237113402061856,0.0,0.0,rectangle
0.0303030303030303,0.2782719028529541,0.5700356747104783,0.07689960610585,0.731384277496121,0.2177213096725245,0.4323144104803493,0.8041237113402061,0.0,0.0,rectangle
0.0303030303030303,0.1556481946891523,0.4580643814637772,0.3345771108185436,0.5774624200885088,0.1217799154296708,0.6404657933042213,0.309278350515464,0.0,0.0,rectangle
0.0303030303030303,0.2915358359655949,0.5802148831874511,0.157560858140858,0.7446997125506891,0.2280990763787052,0.6084425036390102,0.5979381443298969,0.0,0.0,rectangle
0.0303030303030303,0.4195733943794542,0.7074549891496115,0.1327185772565997,0.7578611644939519,0.3282762937669388,0.6724890829694323,0.7731958762886597,0.0,0.0,rectangle
0.0303030303030303,0.4524625346485533,0.7379926145805299,0.1321162142585701,0.7580640661134408,0.3540089193751213,0.6965065502183406,0.8041237113402061,0.0,0.0,rectangle
0.0303030303030303,0.4561168835673421,0.7481718230575027,0.0854595013410085,0.7438802821577299,0.3568680999982528,0.5764192139737991,0.979381443298969,0.0,0.0,rectangle
0.0303030303030303,0.3684125095164111,0.6565589467647474,0.1085823352229951,0.7597040293017401,0.2882477650430991,0.5764192139737991,0.7938144329896907,0.0,0.0,rectangle
0.0303030303030303,0.3058825391282472,0.6056629043798832,0.0719994309234658,0.7220986856930594,0.2393240077139618,0.440320232896652,0.8659793814432989,0.0,0.0,rectangle
0.0303030303030303,0.0714628233007586,0.3308242755016168,0.5085930880271159,0.4414248165892095,0.055912865519014,0.5443959243085881,0.1752577319587629,0.0,0.0,rectangle
0.0303030303030303,0.1108485838699267,0.4122579433173995,0.0228902655652147,0.4782320729450407,0.0867284789016525,0.1761280931586608,0.8144329896907216,0.0,0.0,rectangle
0.0303030303030303,0.4544927284923249,0.7481718230575027,0.0830696437592789,0.7408274378110993,0.3555973530546388,0.5684133915574964,0.9896907216494844,0.0,0.0,rectangle
0.0303030303030303,0.058875621469375,0.4427955687483179,0.0,0.174379199892898,0.0460645767060059,0.0800582241630277,1.0,0.0,0.0,rectangle
0.0303030303030303,0.1894847587520116,0.554766861995019,0.4365864767683963,0.4920423321868468,0.1482538100882949,0.8005822416302765,0.2989690721649485,0.0,0.0,rectangle
0.0303030303030303,0.3776160549415088,0.6667381552417202,0.1336009117889249,0.7575520958636359,0.2954486643902448,0.6404657933042213,0.7319587628865979,0.0,0.0,rectangle
0.0303030303030303,0.1044196366979835,0.3257346712631305,0.2096785465317457,0.699867775810646,0.0816984389165139,0.4243085880640465,0.3195876288659794,0.0,0.0,rectangle
0.0303030303030303,0.240577970486929,0.5496772577565326,0.2445339598210847,0.6652155586372892,0.1882293910228173,0.6804949053857351,0.443298969072165,0.0,0.0,rectangle
0.0303030303030303,0.4778399576956977,0.763440635772962,0.0946034648293028,0.7528465995611431,0.3738643403690894,0.616448326055313,0.958762886597938,0.0,0.0,rectangle
0.0303030303030303,0.1182926279637558,0.3766307136479946,0.0419138764223084,0.6157661973183151,0.0925527357265498,0.2241630276564774,0.6804123711340206,0.0,0.0,rectangle
0.0303030303030303,0.2514733441151696,0.5344084450410734,0.1638444539346613,0.7402121797728567,0.1967539851028942,0.5764192139737991,0.5463917525773196,0.0,0.0,rectangle
0.0303030303030303,0.0230088635627442,0.1119712932467011,0.1301083375984712,0.7586916537752171,0.0180022483678643,0.1761280931586608,0.2061855670103093,0.0,0.0,rectangle
0.0303030303030303,0.5156015631898487,0.7939782612038805,0.1327814745977595,0.7578395967380545,0.4034092068081139,0.7445414847161572,0.8556701030927835,0.0,0.0,rectangle
0.0303030303030303,0.1450911867015403,0.4122579433173995,0.0498818539883426,0.6542002486446867,0.1135200602961801,0.2641921397379912,0.7010309278350515,0.0,0.0,rectangle
0.0303030303030303,0.057183793266232,0.2951970458322119,0.5346954846084018,0.4248416772828204,0.0447408819730747,0.5043668122270742,0.154639175257732,0.0,0.0,rectangle
0.0303030303030303,0.4304687680076948,0.7227238018650707,0.1538210781547097,0.7471852279259574,0.3368008878470157,0.7285298398835517,0.7319587628865979,0.0,0.0,rectangle
0.0303030303030303,0.1551068096641466,0.4987812153716685,0.4483567882241485,0.4832492138690835,0.1213563331151328,0.7365356622998545,0.2680412371134021,0.0,0.0,rectangle
0.0303030303030303,0.0549505800380833,0.2137633780164293,0.1931891293365786,0.7154818409124597,0.0429936049256055,0.3042212518195051,0.2474226804123712,0.0,0.0,rectangle
0.0303030303030303,0.0602290840318893,0.4122579433173995,0.0024966209788515,0.2181052045194768,0.0471235324923508,0.0880640465793304,0.9278350515463916,0.0,0.0,rectangle
0.0303030303030303,0.122082323138796,0.3868099221249674,0.0402853846569875,0.6067299690334085,0.0955178119283157,0.2241630276564774,0.7010309278350515,0.0,0.0,rectangle
0.0303030303030303,0.0742614034943816,0.2748386288782662,0.2081105364117609,0.6495050658266583,0.0888380936030338,0.1526073395631301,0.3336178264346149,0.6666666666666666,0.0555555555555555,rhombus
0.0303030303030303,0.2849885665941615,0.641290134049288,0.2426893451478656,0.5913231296665862,0.3571509285937273,0.240908618929508,0.6088478411275378,0.6666666666666666,0.0555555555555555,rhombus
0.0303030303030303,0.1649179561069433,0.4580643814637772,0.2269183267969567,0.6176223824214273,0.2021925687859541,0.2005046461542275,0.4755348581133848,0.6666666666666666,0.0555555555555555,rhombus
0.0303030303030303,0.1665763874555466,0.4173475475558859,0.1420832809067302,0.7472289796775093,0.1538812156089822,0.3373969230923232,0.5177855196249753,0.6666666666666666,0.0555555555555555,rhombus
0.0303030303030303,0.2526555757636122,0.5903940916644239,0.2320024966983485,0.6090790417695569,0.3111804483988649,0.2399735867568277,0.5811809786983797,0.6666666666666666,0.0555555555555555,rhombus
0.0303030303030303,0.4574597647649839,0.7837990527269076,0.1914079336106254,0.6776086878252969,0.5114194584671645,0.4021501626740543,0.8128739945586447,0.6666666666666666,0.0555555555555555,rhombus
0.0303030303030303,0.0313149848045337,0.1934049610624837,0.3265404958824421,0.46726025857102,0.0466435765050444,0.0596337705041566,0.2000493565402772,0.6666666666666666,0.0555555555555555,rhombus
0.0303030303030303,0.0447124376386523,0.1832257525855108,0.1535928768234092,0.7343585086628248,0.0447273645090168,0.1699330830824617,0.2800853642858547,0.6666666666666666,0.0555555555555555,rhombus
0.0303030303030303,0.2719532275850302,0.6820069679571794,0.3095736495063943,0.4899004007022852,0.3696456503420317,0.1730125102715884,0.5514298404674515,0.6666666666666666,0.0555555555555555,rhombus
0.0303030303030303,0.3333590196058323,0.7227238018650707,0.2664290069536617,0.5532115009175205,0.4318781437264186,0.2316420959019603,0.6396865968313116,0.6666666666666666,0.0555555555555555,rhombus
0.0303030303030303,0.2750279525909385,0.6005733001413968,0.2081105364117609,0.6495050658266583,0.3220730853034731,0.2845920656717832,0.622152162810498,0.6666666666666666,0.0555555555555555,rhombus
0.0303030303030303,0.511006454252643,0.8041574696808533,0.1566316839848753,0.7304829182893251,0.5046638307007267,0.5281049161896887,0.8862618406157431,0.6666666666666666,0.0555555555555555,rhombus
0.0303030303030303,0.0292818424080797,0.1628673356315652,0.2541343763265822,0.5726930500885001,0.040275012592098,0.080000595383451,0.2112193772554101,0.6666666666666666,0.0555555555555555,rhombus
0.0303030303030303,0.608200664123932,0.9059495544505816,0.1800371281816729,0.6961233189606428,0.6561026532657377,0.4956720667904452,0.9463010474444532,0.6666666666666666,0.0555555555555555,rhombus
0.0303030303030303,0.1831577824327786,0.5394980492795598,0.301628955586306,0.5009406855887542,0.2483784405014786,0.1477256190958679,0.4592549197397165,0.6666666666666666,0.0555555555555555,rhombus
0.0303030303030303,0.0587545556922902,0.2239425864934021,0.1695162082457922,0.7123840728788171,0.0626599862569055,0.1727802107940909,0.3119236538059602,0.6666666666666666,0.0555555555555555,rhombus
0.0303030303030303,0.1628963347373013,0.4275267560328587,0.1800371281816729,0.6961233189606431,0.1771783010256202,0.2603530047788198,0.4970470148193088,0.6666666666666666,0.0555555555555555,rhombus
0.0303030303030303,0.0465021135396985,0.2035841695394565,0.2081105364117609,0.6495050658266583,0.0565895054227549,0.1237356807268622,0.2705009403523905,0.6666666666666666,0.0555555555555555,rhombus
0.0303030303030303,0.0619595553764042,0.2544802119243207,0.2320024966983485,0.6090790417695569,0.0785465172360892,0.1235158167130731,0.2991372684476955,0.6666666666666666,0.0555555555555555,rhombus
0.0303030303030303,0.4192925424541899,0.8855911374966359,0.3265404958824421,0.46726025857102,0.5757848718465896,0.1994646806518343,0.6691306063588582,0.6666666666666666,0.0555555555555555,rhombus
0.0303030303030303,0.2765973954182673,0.5700356747104783,0.1597404074767874,0.7263463799836012,0.277521607443112,0.3827418338259524,0.6540543498137015,0.6666666666666666,0.0555555555555555,rhombus
0.0303030303030303,0.0462451793898823,0.234121794970375,0.2940121200998595,0.5117899433307043,0.0649949652923257,0.0806688584595226,0.2447238495997473,0.6666666666666666,0.0555555555555555,rhombus
0.0303030303030303,0.027279640043428,0.1323297102006467,0.1661794900786511,0.7172955787974877,0.0295754753628485,0.127233406421498,0.2255082461318406,0.6666666666666666,0.0555555555555555,rhombus
0.0303030303030303,0.137628881032531,0.3766307136479946,0.1566316839848753,0.7304829182893251,0.1369219321752169,0.2788868658529816,0.4680259158307857,0.6666666666666666,0.0555555555555555,rhombus
0.0303030303030303,0.1843470683369023,0.4580643814637772,0.1764412698801973,0.7017963303959316,0.197820397646696,0.2825235738901698,0.5293497263643927,0.6666666666666666,0.0555555555555555,rhombus
0.0303030303030303,0.0570553269796878,0.234121794970375,0.2125985417918953,0.6418829235696175,0.0696079434408856,0.1320960698689956,0.2946271992256338,0.6666666666666666,0.0555555555555555,rhombus
0.0303030303030303,0.2298582926724347,0.5191396323256142,0.1729355846451768,0.7072171321115615,0.2431628595618559,0.3213278630483815,0.5909407202880455,0.6666666666666666,0.0555555555555555,rhombus
0.0303030303030303,0.3231915116600747,0.7227238018650707,0.2796798694443975,0.5329022174204101,0.4256103354686938,0.2145594102869413,0.6205642357079272,0.6666666666666666,0.0555555555555555,rhombus
0.0303030303030303,0.2845251224826782,0.7227238018650707,0.3356153110979449,0.4556672977328367,0.3946186924481505,0.1590638748337046,0.5478431066827947,0.6666666666666666,0.0555555555555555,rhombus
0.0303030303030303,0.2940947985965448,0.7125445933880978,0.3095736495063943,0.4899004007022852,0.3994309332207532,0.1797532574250269,0.5729141199661834,0.6666666666666666,0.0555555555555555,rhombus
0.0303030303030303,0.0181500643426412,0.1017920847697282,0.1837272533648986,0.690199825859934,0.0218181903258853,0.0975539677819213,0.1897948151448331,0.6666666666666666,0.0555555555555555,rhombus
0.0303030303030303,0.0803767757098085,0.3155554627861576,0.2664290069536617,0.5532115009175205,0.1067137080349478,0.1172509374318565,0.3237919811121454,0.6666666666666666,0.0555555555555555,rhombus
0.0303030303030303,0.4632303953985881,0.763440635772962,0.1597404074767874,0.726346379983601,0.4637934652276408,0.492925089018272,0.8423427232449185,0.6666666666666666,0.0555555555555555,rhombus
0.0303030303030303,0.174280053153215,0.5089604238486414,0.2796798694443975,0.5329022174204099,0.2311414978311935,0.1589328965088454,0.4596772116355016,0.6666666666666666,0.0555555555555555,rhombus
0.0303030303030303,0.0677423378883777,0.2544802119243207,0.195407989100173,0.6709448782739871,0.0785575386360436,0.1573705301937447,0.3243071301079469,0.6666666666666666,0.0555555555555555,rhombus
0.0303030303030303,0.0576577625094543,0.2544802119243207,0.2601692187681784,0.5630572497288562,0.0768335541117988,0.1038658292909844,0.2804134912473607,0.6666666666666666,0.0555555555555555,rhombus
0.0303030303030303,0.3345799971129108,0.7736198442499348,0.3178691271657816,0.4786724516490241,0.4571010041058059,0.1849631719565245,0.6046583398492255,0.6666666666666666,0.0555555555555555,rhombus
0.0303030303030303,0.1045053187846809,0.3155554627861576,0.1477140329862997,0.7413222032905371,0.0998663220184622,0.259994051995044,0.4134438312380003,0.6666666666666666,0.0555555555555555,rhombus
0.0303030303030303,0.0425208782483009,0.1934049610624837,0.2125985417918953,0.6418829235696175,0.0525502068491433,0.1160844250363901,0.2589148114407085,0.6666666666666666,0.0555555555555555,rhombus
0.0303030303030303,0.0467135079917524,0.1934049610624837,0.1729355846451769,0.7072171321115612,0.0508602530416966,0.1527624266951322,0.2809390309566118,0.6666666666666666,0.0555555555555555,rhombus
0.0303030303030303,0.3291902393026089,0.6209317170953425,0.1420832809067302,0.7472289796775096,0.303204332363817,0.4697094419520577,0.7208386645759461,0.6666666666666666,0.0555555555555555,rhombus
0.0303030303030303,0.0511782951114608,0.2137633780164293,0.1995213558977793,0.6640382566541994,0.0606246858774571,0.1355089079976816,0.2847546623694784,0.6666666666666666,0.0555555555555555,rhombus
0.0303030303030303,0.2617106212799598,0.6820069679571794,0.3265404958824421,0.46726025857102,0.3608675390047854,0.1583379423731056,0.531165532882805,0.6666666666666666,0.0555555555555555,rhombus
0.0303030303030303,0.0720608564188001,0.2646594204012935,0.195407989100173,0.6709448782739873,0.0834175505114,0.1618668310564231,0.3335730481110311,0.6666666666666666,0.0555555555555555,rhombus
0.0303030303030303,0.5345386542455073,0.8245158866347989,0.1566316839848753,0.7304829182893253,0.5278408411119982,0.5399724423961986,0.9061778370340744,0.6666666666666666,0.0555555555555555,rhombus
0.0303030303030303,0.5080487553774997,0.8346950951117718,0.195407989100173,0.6709448782739871,0.5740733973079426,0.4136596793664145,0.852464456283746,0.6666666666666666,0.0555555555555555,rhombus
0.0303030303030303,0.4769922950759431,0.8550535120657174,0.2426893451478656,0.5913231296665862,0.5956754353101393,0.3102110983475857,0.7839958502190212,0.6666666666666666,0.0555555555555555,rhombus
0.0303030303030303,0.0513690080364419,0.2443010034473478,0.2796798694443975,0.5329022174204099,0.07062753660659,0.0900619746883457,0.2604837532601176,0.6666666666666666,0.0555555555555555,rhombus
0.0303030303030303,0.0732802225089815,0.2850178373552391,0.2372563429202158,0.6003117339823156,0.0932576626936611,0.1297271103386192,0.3209049245668215,0.6666666666666666,0.0555555555555555,rhombus
0.0303030303030303,0.0890497404071611,0.3664515051710217,0.3265404958824421,0.4672602585710199,0.1253848406927744,0.0945914980410761,0.3173196689949225,0.6666666666666666,0.0555555555555555,rhombus
0.0303030303030303,0.0311586977145692,0.1628673356315652,0.2320024966983485,0.6090790417695569,0.040971928178024,0.09175460670114,0.2222162565611452,0.6666666666666666,0.0555555555555555,rhombus
0.0303030303030303,0.1015963795436157,0.3359138797401032,0.2125985417918953,0.6418829235696175,0.1218816523510637,0.1721251819505095,0.383908168687947,0.6666666666666666,0.0555555555555555,rhombus
0.0303030303030303,0.4512964386352287,0.8550535120657174,0.2664290069536617,0.5532115009175205,0.5834660722506188,0.2688192224047439,0.7423523469400405,0.6666666666666666,0.0555555555555555,rhombus
0.0303030303030303,0.3968659059228011,0.7837990527269076,0.2541343763265822,0.5726930500884999,0.5049385820798364,0.2676942999369324,0.7067725315854105,0.6666666666666666,0.0555555555555555,rhombus
0.0303030303030303,0.2464575603674481,0.5496772577565326,0.1875159862369771,0.6840276554471858,0.2734140604872765,0.3039719092246264,0.6027516421559428,0.6666666666666666,0.0555555555555555,rhombus
0.0303030303030303,0.0766445036361537,0.2646594204012935,0.166179490078651,0.7172955787974877,0.0801340482247346,0.199147940485823,0.3529694287280982,0.6666666666666666,0.0555555555555555,rhombus
0.0303030303030303,0.2523632728348285,0.5598564662335055,0.1914079336106254,0.6776086878252969,0.2831340297629915,0.3004570180898107,0.6073196511070335,0.6666666666666666,0.0555555555555555,rhombus
0.0303030303030303,0.0232563259505433,0.1323297102006467,0.2269183267969567,0.6176223824214273,0.0309897853468378,0.083847397482677,0.1988600315746882,0.6666666666666666,0.0555555555555555,rhombus
0.0303030303030303,0.0852775197223922,0.3664515051710217,0.345123882405061,0.443897100462649,0.1218892623984958,0.0861583055180474,0.3048271138719671,0.6666666666666666,0.0555555555555555,rhombus
0.0303030303030303,0.0706261142644879,0.2544802119243207,0.1764412698801973,0.7017963303959316,0.0769584743934208,0.1797877288391989,0.3368589167773409,0.6666666666666666,0.0555555555555555,rhombus
0.0303030303030303,0.0,0.0,0.1170571393078282,0.7607027265261426,0.0,0.0800582241630277,0.1030927835051547,0.0,0.0,square
0.0303030303030303,0.0176626864408125,0.0916128762927554,0.1170571393078282,0.7607027265261423,0.0138193730118017,0.1521106259097525,0.1958762886597939,0.0,0.0,square
0.0303030303030303,0.0203019384377155,0.1017920847697282,0.1170571393078282,0.7607027265261426,0.0158843367951744,0.1601164483260553,0.2061855670103093,0.0,0.0,square
0.0303030303030303,0.0230765366908699,0.1119712932467011,0.1170571393078282,0.7607027265261426,0.0180551961571816,0.1681222707423581,0.2164948453608248,0.0,0.0,square
0.0303030303030303,0.0259864812002758,0.1221505017236739,0.1170571393078282,0.7607027265261426,0.0203319510978233,0.1761280931586608,0.2268041237113403,0.0,0.0,square
0.0303030303030303,0.0290317719659332,0.1323297102006467,0.1170571393078282,0.7607027265261426,0.0227146016170994,0.1841339155749636,0.2371134020618557,0.0,0.0,square
0.0303030303030303,0.0322124089878419,0.1425089186776195,0.1170571393078282,0.7607027265261426,0.0252031477150101,0.1921397379912663,0.2474226804123712,0.0,0.0,square
0.0303030303030303,0.0355283922660021,0.1526881271545923,0.1170571393078282,0.7607027265261426,0.0277975893915552,0.2001455604075691,0.2577319587628867,0.0,0.0,square
0.0303030303030303,0.0389797218004138,0.1628673356315652,0.1170571393078282,0.7607027265261426,0.0304979266467349,0.2081513828238719,0.2680412371134021,0.0,0.0,square
0.0303030303030303,0.0425663975910768,0.173046544108538,0.1170571393078282,0.7607027265261426,0.0333041594805491,0.2161572052401746,0.2783505154639176,0.0,0.0,square
0.0303030303030303,0.0462884196379914,0.1832257525855108,0.1170571393078282,0.7607027265261426,0.0362162878929977,0.2241630276564774,0.2886597938144331,0.0,0.0,square
0.0303030303030303,0.00142113569064,0.0101792084769728,0.1170571393078282,0.7607027265261426,0.0011119035756622,0.0880640465793304,0.1134020618556702,0.0,0.0,square
0.0303030303030303,0.0501457879411573,0.1934049610624837,0.1170571393078282,0.7607027265261426,0.0392343118840809,0.2321688500727802,0.2989690721649485,0.0,0.0,square
0.0303030303030303,0.0541385025005747,0.2035841695394565,0.1170571393078282,0.7607027265261426,0.0423582314537985,0.2401746724890829,0.309278350515464,0.0,0.0,square
0.0303030303030303,0.0582665633162435,0.2137633780164293,0.1170571393078282,0.7607027265261426,0.0455880466021506,0.2481804949053857,0.3195876288659794,0.0,0.0,square
0.0303030303030303,0.0625299703881638,0.2239425864934021,0.1170571393078282,0.7607027265261426,0.0489237573291373,0.2561863173216885,0.3298969072164949,0.0,0.0,square
0.0303030303030303,0.0669287237163355,0.234121794970375,0.1170571393078282,0.7607027265261426,0.0523653636347584,0.2641921397379912,0.3402061855670104,0.0,0.0,square
0.0303030303030303,0.0714628233007586,0.2443010034473478,0.1170571393078282,0.7607027265261426,0.055912865519014,0.272197962154294,0.3505154639175258,0.0,0.0,square
0.0303030303030303,0.0761322691414332,0.2544802119243207,0.1170571393078282,0.7607027265261426,0.0595662629819042,0.2802037845705968,0.3608247422680413,0.0,0.0,square
0.0303030303030303,0.0809370612383592,0.2646594204012935,0.1170571393078282,0.7607027265261426,0.0633255560234288,0.2882096069868995,0.3711340206185567,0.0,0.0,square
0.0303030303030303,0.0858771995915366,0.2748386288782662,0.1170571393078282,0.7607027265261426,0.0671907446435879,0.2962154294032023,0.3814432989690722,0.0,0.0,square
0.0303030303030303,0.0909526842009655,0.2850178373552391,0.1170571393078282,0.7607027265261423,0.0711618288423815,0.3042212518195051,0.3917525773195877,0.0,0.0,square
0.0303030303030303,0.0029776176375316,0.0203584169539456,0.1170571393078282,0.7607027265261426,0.0023297027299589,0.0960698689956332,0.1237113402061856,0.0,0.0,square
0.0303030303030303,0.0961635150666458,0.2951970458322119,0.1170571393078282,0.7607027265261423,0.0752388086198096,0.3122270742358078,0.4020618556701031,0.0,0.0,square
0.0303030303030303,0.1015096921885776,0.3053762543091848,0.1170571393078282,0.7607027265261426,0.0794216839758722,0.3202328966521106,0.4123711340206186,0.0,0.0,square
0.0303030303030303,0.1069912155667608,0.3155554627861576,0.1170571393078282,0.7607027265261426,0.0837104549105693,0.3282387190684134,0.4226804123711341,0.0,0.0,square
0.0303030303030303,0.1126080852011954,0.3257346712631305,0.1170571393078282,0.7607027265261426,0.0881051214239009,0.3362445414847161,0.4329896907216495,0.0,0.0,square
0.0303030303030303,0.1183603010918815,0.3359138797401032,0.1170571393078282,0.7607027265261426,0.092605683515867,0.3442503639010189,0.443298969072165,0.0,0.0,square
0.0303030303030303,0.124247863238819,0.3460930882170761,0.1170571393078282,0.7607027265261426,0.0972121411864676,0.3522561863173217,0.4536082474226804,0.0,0.0,square
0.0303030303030303,0.1302707716420079,0.3562722966940489,0.1170571393078282,0.7607027265261426,0.1019244944357027,0.3602620087336244,0.4639175257731959,0.0,0.0,square
0.0303030303030303,0.1364290263014483,0.3664515051710217,0.1170571393078282,0.7607027265261426,0.1067427432635723,0.3682678311499272,0.4742268041237114,0.0,0.0,square
0.0303030303030303,0.1427226272171401,0.3766307136479946,0.1170571393078282,0.7607027265261426,0.1116668876700764,0.37627365356623,0.4845360824742268,0.0,0.0,square
0.0303030303030303,0.1491515743890834,0.3868099221249674,0.1170571393078282,0.7607027265261426,0.116696927655215,0.3842794759825327,0.4948453608247423,0.0,0.0,square
0.0303030303030303,0.0046694458406745,0.0305376254309184,0.1170571393078282,0.7607027265261426,0.0036533974628901,0.1040756914119359,0.1340206185567011,0.0,0.0,square
0.0303030303030303,0.1557158678172781,0.3969891306019402,0.1170571393078282,0.7607027265261426,0.121832863218988,0.3922852983988354,0.5051546391752577,0.0,0.0,square
0.0303030303030303,0.1624155075017242,0.407168339078913,0.1170571393078282,0.7607027265261426,0.1270746943613956,0.4002911208151382,0.5154639175257733,0.0,0.0,square
0.0303030303030303,0.1692504934424217,0.4173475475558859,0.1170571393078282,0.7607027265261426,0.1324224210824377,0.408296943231441,0.5257731958762887,0.0,0.0,square
0.0303030303030303,0.1762208256393707,0.4275267560328587,0.1170571393078282,0.7607027265261426,0.1378760433821143,0.4163027656477437,0.5360824742268041,0.0,0.0,square
0.0303030303030303,0.1833265040925712,0.4377059645098315,0.1170571393078282,0.7607027265261426,0.1434355612604253,0.4243085880640465,0.5463917525773196,0.0,0.0,square
0.0303030303030303,0.190567528802023,0.4478851729868044,0.1170571393078282,0.7607027265261426,0.1491009747173709,0.4323144104803493,0.5567010309278351,0.0,0.0,square
0.0303030303030303,0.1979438997677264,0.4580643814637772,0.1170571393078282,0.7607027265261426,0.1548722837529509,0.440320232896652,0.5670103092783505,0.0,0.0,square
0.0303030303030303,0.2054556169896811,0.46824358994075,0.1170571393078282,0.7607027265261426,0.1607494883671655,0.4483260553129548,0.577319587628866,0.0,0.0,square
0.0303030303030303,0.2131026804678873,0.4784227984177228,0.1170571393078282,0.7607027265261426,0.1667325885600145,0.4563318777292576,0.5876288659793815,0.0,0.0,square
0.0303030303030303,0.2208850902023449,0.4886020068946957,0.1170571393078282,0.7607027265261426,0.172821584331498,0.4643377001455603,0.5979381443298969,0.0,0.0,square
0.0303030303030303,0.0064966203000689,0.0407168339078913,0.1170571393078282,0.7607027265261426,0.0050829877744558,0.1120815138282387,0.1443298969072166,0.0,0.0,square
0.0303030303030303,0.228802846193054,0.4987812153716685,0.1170571393078282,0.7607027265261426,0.1790164756816161,0.4723435225618631,0.6082474226804123,0.0,0.0,square
0.0303030303030303,0.0084591410157148,0.0508960423848641,0.1170571393078282,0.7607027265261426,0.006618473664656,0.1200873362445415,0.154639175257732,0.0,0.0,square
0.0303030303030303,0.010557007987612,0.0610752508618369,0.1170571393078282,0.7607027265261426,0.0082598551334907,0.1280931586608442,0.1649484536082475,0.0,0.0,square
0.0303030303030303,0.0127902212157607,0.0712544593388097,0.1170571393078282,0.7607027265261426,0.0100071321809599,0.136098981077147,0.1752577319587629,0.0,0.0,square
0.0303030303030303,0.0151587807001609,0.0814336678157826,0.1170571393078282,0.7607027265261426,0.0118603048070635,0.1441048034934498,0.1855670103092784,0.0,0.0,square
0.0,0.0724688754327313,0.2951970458322119,0.1372474133283965,0.5565425591027706,0.1186947902727677,0.4163027656477437,0.309507360802686,1.0,0.0,triangle
0.0,0.0145948104236803,0.1043368868889714,0.1372474133283965,0.5565425591027706,0.0281328822924153,0.2161572052401746,0.1607057450321639,1.0,0.0,triangle
0.0,0.0460004237192481,0.3333690776208601,0.0234519884189756,0.2522154776487033,0.0772766958623614,0.1681222707423581,0.5103873729685181,1.0,0.0,triangle
0.0,0.1186108724276195,0.4198923496751291,0.0781577159434349,0.4994018090770716,0.190898242462056,0.408296943231441,0.4993471251532133,1.0,0.0,triangle
0.0,0.1612044553839527,0.4860572047754524,0.0976229037130106,0.5338781554288372,0.2575491013509503,0.5203784570596798,0.5248965132236639,1.0,0.0,triangle
0.0,0.2075055176416533,0.5700356747104783,0.087532190548433,0.5184776109498908,0.3300014604330138,0.5604075691411936,0.6217557596095472,1.0,0.0,triangle
0.0,0.1774904478680929,0.5140500280871277,0.0973678446775842,0.5335480110536379,0.283033583087057,0.5443959243085881,0.55038631465351,1.0,0.0,triangle
0.0,0.038750098000135,0.2951970458322119,0.0253529619574335,0.2660113945731761,0.0659313146367776,0.1601164483260553,0.4622727620838553,1.0,0.0,triangle
0.0,0.0397744936127051,0.2163081801356725,0.0777287693891096,0.4984071765222767,0.0675342989992298,0.2481804949053857,0.3049525661391555,1.0,0.0,triangle
0.0,0.0411785581987444,0.2163081801356725,0.0868480151967082,0.517249617405863,0.0697313931176312,0.2641921397379912,0.2951127841463517,1.0,0.0,triangle
0.0,0.0751543263349351,0.3384586818593464,0.0603426239880045,0.4477729060811544,0.1228970103423811,0.2962154294032023,0.4497256517770564,1.0,0.0,triangle
0.0,0.2201576286710183,0.5700356747104783,0.1372474133283965,0.5565425591027706,0.3497996086125026,0.7045123726346434,0.5237816875122379,1.0,0.0,triangle
0.0,0.0154627883167125,0.1196056996044307,0.0741511450922078,0.4896669339013316,0.0294911026639317,0.1681222707423581,0.2150170475733424,1.0,0.0,triangle
0.0,0.0988027670635489,0.4275267560328587,0.0501697480682832,0.3854829605746186,0.1599023237380895,0.2081513828238719,0.5498281786941581,0.6666666666666666,0.0,triangle
0.0,0.0947423793760058,0.407168339078913,0.2312551243509538,0.4059494932628837,0.1535485890200197,0.4002911208151382,0.2749140893470791,0.6666666666666666,0.0,triangle
0.0,0.0443935720504712,0.3257346712631305,0.4340148120805849,0.2539123932929156,0.0747622785159544,0.3842794759825327,0.1443298969072166,0.6666666666666666,0.0,triangle
0.0,0.0423633782066997,0.234121794970375,0.0844291435812209,0.4650750321400935,0.0715854111569195,0.1761280931586608,0.302405498281787,0.6666666666666666,0.0,triangle
0.0,0.0439875332817169,0.2799282331167527,0.0409251492790778,0.3468239543856738,0.0741269050441474,0.1334303736050461,0.4123711340206186,0.6666666666666666,0.0,triangle
0.0,0.0825612163133764,0.3460930882170761,0.1004465233015554,0.4785126546121865,0.1344873848658104,0.2561863173216885,0.3780068728522336,0.6666666666666666,0.0,triangle
0.0,0.0297761763753161,0.2035841695394565,0.2312551243509538,0.4059494932628837,0.0518888335309032,0.2401746724890829,0.1649484536082475,0.6666666666666666,0.0,triangle
0.0,0.084591410157148,0.3562722966940489,0.1605611336099713,0.4650750321400935,0.1376642522248453,0.3202328966521106,0.309278350515464,0.6666666666666666,0.0,triangle
0.0,0.0500781148130316,0.2544802119243207,0.1108422829789506,0.4819680432478677,0.0836575071212521,0.2134885977680737,0.2886597938144331,0.6666666666666666,0.0,triangle
0.0,0.075545724458529,0.3028314521899415,0.1372474133283965,0.5565425591027706,0.1235094739881789,0.4243085880640465,0.3154594254335069,1.0,0.0,triangle
0.0,0.0581988901881178,0.3053762543091848,0.2312551243509538,0.4059494932628836,0.0963649765573917,0.3202328966521106,0.2199312714776632,0.6666666666666666,0.0,triangle
0.0,0.0277480350561998,0.3588170988132921,1.0,0.094734644281158,0.0487151779827015,0.668381226523614,0.0787722043291993,0.6666666666666666,0.0277777777777777,triangle
0.0,0.0408618759814779,0.2315769928511317,0.0845015890680634,0.455789774186758,0.0716013195842978,0.165370269286754,0.302324927243723,0.6666666666666666,0.0277777777777777,triangle
0.0,0.0510352053880618,0.3664515051710217,0.4053666066522822,0.2318181499866867,0.1085359443102977,0.7955684942584506,0.1778908351965599,0.6666666666666666,0.0277777777777777,triangle
0.0,0.1952254708752163,0.5522220598757759,0.0906327507659019,0.5150878513490633,0.3107855220833822,0.6251116314719883,0.594617263771364,1.0,0.0,triangle
0.0,0.0195226305239338,0.1475985229161059,0.2420365105813697,0.4478139709519477,0.0358439838090116,0.3808581843516341,0.1369228069131466,1.0,0.0,triangle
0.0,0.0171587510883289,0.1526881271545923,0.3603030843653164,0.3755164771446023,0.032144961943338,0.3439538519596744,0.1079964537894689,0.6666666666666666,0.0277777777777777,triangle
0.0,0.068638895544759,0.3918995263634538,0.3383967030849604,0.2939400196440833,0.1314571972139319,0.3231980160655561,0.2127283432941447,0.6666666666666666,0.0277777777777777,triangle
0.0,0.0793630462199359,0.3995339327211834,0.1420788142671586,0.339184847121852,0.2058870174682557,0.602802037845706,0.397607283757693,0.6666666666666666,0.0277777777777777,triangle
0.0,0.0156475593679721,0.3893547242442106,0.7892847785221703,0.0,0.0719973471471069,0.7352323888832469,0.1058811285477659,0.6666666666666666,0.0277777777777777,triangle
0.0,0.078681180132437,0.3104658585476711,0.1372474133283965,0.5565425591027706,0.128415865964836,0.4323144104803493,0.3214114900643278,1.0,0.0,triangle
0.0,0.1189231669460761,0.493691611133182,0.3308987737310961,0.3551472495273133,0.1913869240060051,1.0,0.2578801652771486,1.0,0.0,triangle
0.0,0.0732679995410503,0.3766307136479946,0.357552669827617,0.3486473446005844,0.1199452675625718,0.8013632974757693,0.1982524405676562,0.6666666666666666,0.0277777777777777,triangle
0.0,0.1740088809431912,0.5089604238486414,0.1672177623207797,0.5319150454875814,0.2775855928097009,0.5929273439174932,0.4269662404330803,1.0,0.0,triangle
0.0,0.0265138979755526,0.2417562013281046,0.2630043463971315,0.2567340290860418,0.0784290722361823,0.5010310528869482,0.187779149436378,0.6666666666666666,0.0277777777777777,triangle
0.0,0.0547146994204006,0.3435482860978328,0.4462388493248312,0.2947808518677827,0.0909128804649078,0.7577177341096555,0.1561021327111344,0.6666666666666666,0.0277777777777777,triangle
0.0,0.0703116374376548,0.3257346712631305,0.275358696810888,0.4464670915183312,0.1153191229722026,0.6303927397475586,0.2205099511946293,0.6666666666666666,0.0277777777777777,triangle
0.0,0.094452169868322,0.3537274945748057,0.1597075696929764,0.5362315853029758,0.1530944663188449,0.5731575826190092,0.3263430096632447,1.0,0.0,triangle
0.0,0.0495731573807459,0.2850178373552391,0.1414279300369889,0.3851521386474136,0.1153481271572808,0.1280931586608442,0.3011532962227718,0.6666666666666666,0.0277777777777777,triangle
0.0,0.1360509831418574,0.4453403708675612,0.155868266419706,0.5216734710312696,0.2181886997925193,0.7093807781580708,0.3920151739038343,1.0,0.0,triangle
0.0,0.0554586712800411,0.3308242755016168,0.41831675936145,0.3253053780800123,0.0920770549717824,0.6874059144801503,0.1620421218835885,0.6666666666666666,0.0277777777777777,triangle
0.0,0.0213931816044904,0.1348745123198899,0.1372474133283965,0.5565425591027706,0.0387710405969428,0.2481804949053857,0.1845140035554474,1.0,0.0,triangle
0.0,0.1531088733369838,0.4733331941792364,0.1861130695684305,0.5301719309144979,0.2448810546832359,0.6229471701344294,0.3820459537580657,1.0,0.0,triangle
0.0,0.2862659277395848,0.6616485510032337,0.1372474133283965,0.5565425591027706,0.4532465272979076,0.8005822416302765,0.5952064630820884,1.0,0.0,triangle
0.0,0.1669720955108018,0.4860572047754524,0.1372474133283965,0.5565425591027706,0.2665743615318242,0.616448326055313,0.458308976573208,1.0,0.0,triangle
0.0,0.0987246537862045,0.3562722966940489,0.1372474133283965,0.5565425591027706,0.1597800913109428,0.4803493449781659,0.357123877849253,1.0,0.0,triangle
0.0,0.0952375582236339,0.3486378903363193,0.1372474133283965,0.5565425591027706,0.1543234497668102,0.4723435225618631,0.3511718132184322,1.0,0.0,triangle
